﻿<?xml version="1.0" encoding="utf-8"?>
<CallableObject guid="8d62526b-9cf6-7445-9020-216572a166b2" name="Espectaculo_DataProvider" description="Espectaculo_Data Provider" namespace="GeneXus.Programs">
  <Signature name="parm">
    <Parameter name="ReturnValue" accessor="out" collection="true">
      <Field name="Espectaculo" description="Espectaculo">
        <Fields>
          <Field name="EspectaculoId" description="Espectaculo Id">
            <Properties>
              <Property>
                <Name>Type</Name>
                <Value>Numeric</Value>
              </Property>
              <Property>
                <Name>Length</Name>
                <Value>4</Value>
              </Property>
            </Properties>
          </Field>
          <Field name="EspectaculoName" description="Espectaculo Name">
            <Properties>
              <Property>
                <Name>Type</Name>
                <Value>VarChar</Value>
              </Property>
              <Property>
                <Name>Length</Name>
                <Value>40</Value>
              </Property>
            </Properties>
          </Field>
          <Field name="EspectaculoFecha" description="Espectaculo Fecha">
            <Properties>
              <Property>
                <Name>Type</Name>
                <Value>Date</Value>
              </Property>
              <Property>
                <Name>Length</Name>
                <Value>8</Value>
              </Property>
            </Properties>
          </Field>
          <Field name="PaisId" description="Pais Id">
            <Properties>
              <Property>
                <Name>Type</Name>
                <Value>Numeric</Value>
              </Property>
              <Property>
                <Name>Length</Name>
                <Value>4</Value>
              </Property>
            </Properties>
          </Field>
          <Field name="PaisName" description="Pais Name">
            <Properties>
              <Property>
                <Name>Type</Name>
                <Value>VarChar</Value>
              </Property>
              <Property>
                <Name>Length</Name>
                <Value>40</Value>
              </Property>
            </Properties>
          </Field>
          <Field name="LugarId" description="Lugar Id">
            <Properties>
              <Property>
                <Name>Type</Name>
                <Value>Numeric</Value>
              </Property>
              <Property>
                <Name>Length</Name>
                <Value>4</Value>
              </Property>
            </Properties>
          </Field>
          <Field name="LugarName" description="Lugar Name">
            <Properties>
              <Property>
                <Name>Type</Name>
                <Value>VarChar</Value>
              </Property>
              <Property>
                <Name>Length</Name>
                <Value>40</Value>
              </Property>
            </Properties>
          </Field>
          <Field name="TipoEspectaculoId" description="Tipo Espectaculo Id">
            <Properties>
              <Property>
                <Name>Type</Name>
                <Value>Numeric</Value>
              </Property>
              <Property>
                <Name>Length</Name>
                <Value>4</Value>
              </Property>
            </Properties>
          </Field>
          <Field name="TipoEspectaculoName" description="Tipo Espectaculo Name">
            <Properties>
              <Property>
                <Name>Type</Name>
                <Value>VarChar</Value>
              </Property>
              <Property>
                <Name>Length</Name>
                <Value>40</Value>
              </Property>
            </Properties>
          </Field>
          <Field name="EspectaculoImagen" description="Espectaculo Imagen">
            <Properties>
              <Property>
                <Name>Type</Name>
                <Value>Image</Value>
              </Property>
            </Properties>
          </Field>
          <Field name="LugarSector" description="Lugar Sector" collection="true">
            <Fields>
              <Field name="LugarSectorId" description="Lugar Sector Id">
                <Properties>
                  <Property>
                    <Name>Type</Name>
                    <Value>Numeric</Value>
                  </Property>
                  <Property>
                    <Name>Length</Name>
                    <Value>4</Value>
                  </Property>
                </Properties>
              </Field>
              <Field name="LugarSectorName" description="Lugar Sector Name">
                <Properties>
                  <Property>
                    <Name>Type</Name>
                    <Value>VarChar</Value>
                  </Property>
                  <Property>
                    <Name>Length</Name>
                    <Value>40</Value>
                  </Property>
                </Properties>
              </Field>
              <Field name="LugarSectorCantidad" description="Lugar Sector Cantidad">
                <Properties>
                  <Property>
                    <Name>Type</Name>
                    <Value>Numeric</Value>
                  </Property>
                  <Property>
                    <Name>Length</Name>
                    <Value>4</Value>
                  </Property>
                </Properties>
              </Field>
              <Field name="LugarSectorEstadoSector" description="Lugar Sector Estado Sector">
                <Properties>
                  <Property>
                    <Name>Type</Name>
                    <Value>Boolean</Value>
                  </Property>
                </Properties>
              </Field>
              <Field name="LugarSectorPrecio" description="Lugar Sector Precio">
                <Properties>
                  <Property>
                    <Name>Type</Name>
                    <Value>Numeric</Value>
                  </Property>
                  <Property>
                    <Name>Length</Name>
                    <Value>4</Value>
                  </Property>
                </Properties>
              </Field>
              <Field name="LugarSectorVendidas" description="Lugar Sector Vendidas">
                <Properties>
                  <Property>
                    <Name>Type</Name>
                    <Value>Numeric</Value>
                  </Property>
                  <Property>
                    <Name>Length</Name>
                    <Value>4</Value>
                  </Property>
                </Properties>
              </Field>
              <Field name="LugarSectorDisponibles" description="Lugar Sector Disponibles">
                <Properties>
                  <Property>
                    <Name>Type</Name>
                    <Value>Numeric</Value>
                  </Property>
                  <Property>
                    <Name>Length</Name>
                    <Value>4</Value>
                  </Property>
                </Properties>
              </Field>
            </Fields>
          </Field>
          <Field name="EspectaculoFuncion" description="Espectaculo Funcion" collection="true">
            <Fields>
              <Field name="EspectaculoFuncionId" description="Espectaculo Funcion Id">
                <Properties>
                  <Property>
                    <Name>Type</Name>
                    <Value>Numeric</Value>
                  </Property>
                  <Property>
                    <Name>Length</Name>
                    <Value>4</Value>
                  </Property>
                </Properties>
              </Field>
              <Field name="EspectaculoFuncionName" description="Espectaculo Funcion Name">
                <Properties>
                  <Property>
                    <Name>Type</Name>
                    <Value>VarChar</Value>
                  </Property>
                  <Property>
                    <Name>Length</Name>
                    <Value>40</Value>
                  </Property>
                </Properties>
              </Field>
              <Field name="EspectaculoFuncionPrecio" description="Espectaculo Funcion Precio">
                <Properties>
                  <Property>
                    <Name>Type</Name>
                    <Value>Numeric</Value>
                  </Property>
                  <Property>
                    <Name>Length</Name>
                    <Value>4</Value>
                  </Property>
                </Properties>
              </Field>
            </Fields>
          </Field>
        </Fields>
      </Field>
    </Parameter>
  </Signature>
</CallableObject>