﻿<?xml version="1.0" encoding="utf-8"?>
<CallableObject guid="bce6a383-f7d3-75c7-b494-ace78127be67" name="Lugar_DataProvider" description="Lugar_Data Provider" namespace="GeneXus.Programs">
  <Signature name="parm">
    <Parameter name="ReturnValue" accessor="out" collection="true">
      <Field name="Lugar" description="Lugar">
        <Fields>
          <Field name="LugarId" description="Lugar Id">
            <Properties>
              <Property>
                <Name>Type</Name>
                <Value>Numeric</Value>
              </Property>
              <Property>
                <Name>Length</Name>
                <Value>4</Value>
              </Property>
            </Properties>
          </Field>
          <Field name="LugarName" description="Lugar Name">
            <Properties>
              <Property>
                <Name>Type</Name>
                <Value>VarChar</Value>
              </Property>
              <Property>
                <Name>Length</Name>
                <Value>40</Value>
              </Property>
            </Properties>
          </Field>
          <Field name="PaisId" description="Pais Id">
            <Properties>
              <Property>
                <Name>Type</Name>
                <Value>Numeric</Value>
              </Property>
              <Property>
                <Name>Length</Name>
                <Value>4</Value>
              </Property>
            </Properties>
          </Field>
          <Field name="PaisName" description="Pais Name">
            <Properties>
              <Property>
                <Name>Type</Name>
                <Value>VarChar</Value>
              </Property>
              <Property>
                <Name>Length</Name>
                <Value>40</Value>
              </Property>
            </Properties>
          </Field>
          <Field name="Sector" description="Sector" collection="true">
            <Fields>
              <Field name="LugarSectorId" description="Lugar Sector Id">
                <Properties>
                  <Property>
                    <Name>Type</Name>
                    <Value>Numeric</Value>
                  </Property>
                  <Property>
                    <Name>Length</Name>
                    <Value>4</Value>
                  </Property>
                </Properties>
              </Field>
              <Field name="LugarSectorName" description="Lugar Sector Name">
                <Properties>
                  <Property>
                    <Name>Type</Name>
                    <Value>VarChar</Value>
                  </Property>
                  <Property>
                    <Name>Length</Name>
                    <Value>40</Value>
                  </Property>
                </Properties>
              </Field>
              <Field name="LugarSectorCantidad" description="Lugar Sector Cantidad">
                <Properties>
                  <Property>
                    <Name>Type</Name>
                    <Value>Numeric</Value>
                  </Property>
                  <Property>
                    <Name>Length</Name>
                    <Value>4</Value>
                  </Property>
                </Properties>
              </Field>
              <Field name="LugarSectorPrecio" description="Lugar Sector Precio">
                <Properties>
                  <Property>
                    <Name>Type</Name>
                    <Value>Numeric</Value>
                  </Property>
                  <Property>
                    <Name>Length</Name>
                    <Value>4</Value>
                  </Property>
                </Properties>
              </Field>
            </Fields>
          </Field>
        </Fields>
      </Field>
    </Parameter>
  </Signature>
</CallableObject>