﻿<?xml version="1.0" encoding="utf-8"?>
<CallableObject guid="36fb32a7-d259-72a7-9fb0-54999fda8991" name="Pais_DataProvider1" description="Pais_Data Provider1" namespace="GeneXus.Programs">
  <Signature name="parm">
    <Parameter name="ReturnValue" accessor="out" collection="true">
      <Field name="Pais" description="Pais">
        <Fields>
          <Field name="PaisId" description="Pais Id">
            <Properties>
              <Property>
                <Name>Type</Name>
                <Value>Numeric</Value>
              </Property>
              <Property>
                <Name>Length</Name>
                <Value>4</Value>
              </Property>
            </Properties>
          </Field>
          <Field name="PaisName" description="Pais Name">
            <Properties>
              <Property>
                <Name>Type</Name>
                <Value>VarChar</Value>
              </Property>
              <Property>
                <Name>Length</Name>
                <Value>40</Value>
              </Property>
            </Properties>
          </Field>
          <Field name="PaisFlag" description="Pais Flag">
            <Properties>
              <Property>
                <Name>Type</Name>
                <Value>Image</Value>
              </Property>
            </Properties>
          </Field>
        </Fields>
      </Field>
    </Parameter>
  </Signature>
</CallableObject>