﻿<?xml version="1.0" encoding="utf-8"?>
<CallableObject guid="241ef032-2a3a-71ea-9dec-955b50043878" name="TipoEspectaculo_DataProvider" description="Tipo Espectaculo_Data Provider" namespace="GeneXus.Programs">
  <Signature name="parm">
    <Parameter name="ReturnValue" accessor="out" collection="true">
      <Field name="TipoEspectaculo" description="Tipo Espectaculo">
        <Fields>
          <Field name="TipoEspectaculoId" description="Tipo Espectaculo Id">
            <Properties>
              <Property>
                <Name>Type</Name>
                <Value>Numeric</Value>
              </Property>
              <Property>
                <Name>Length</Name>
                <Value>4</Value>
              </Property>
            </Properties>
          </Field>
          <Field name="TipoEspectaculoName" description="Tipo Espectaculo Name">
            <Properties>
              <Property>
                <Name>Type</Name>
                <Value>VarChar</Value>
              </Property>
              <Property>
                <Name>Length</Name>
                <Value>40</Value>
              </Property>
            </Properties>
          </Field>
        </Fields>
      </Field>
    </Parameter>
  </Signature>
</CallableObject>