{

"GxObject":{"ObjectType":"BusinessComponent","Name":"Espectaculo","idConnectivitySupport":"idInherit","Structure":{"Levels":[{"Name":"Espectaculo","ParentLevel":"","LevelName":"Espectaculo","Description":"Espectaculo","Attributes":[{"Name":"EspectaculoId","Caption":"Espectaculo Id","default":"0","AutoNumber":"true","IsKey":"true","ReadOnly":"false","AttributeType":"int","Description":"Espectaculo Id","Length":"4","Decimals":"0","Signed":"false","AllowDBNulls":"false","Domain":"Id","InternalName":"EspectaculoId","InputPicture":"ZZZ9","Type":"xs:int"},{"Name":"EspectaculoName","Caption":"Espectaculo Name","default":"","IsKey":"false","ReadOnly":"false","AttributeType":"svchar","Description":"Espectaculo Name","Length":"40","Decimals":"0","Signed":"false","AllowDBNulls":"false","Domain":"Name","InternalName":"EspectaculoName","DescriptionAtt":"true","InputPicture":"","Type":"xs:string"},{"Name":"EspectaculoFecha","Caption":"Espectaculo Fecha","default":"","IsKey":"false","ReadOnly":"false","AttributeType":"date","Description":"Espectaculo Fecha","Length":"8","Decimals":"0","Signed":"false","AllowDBNulls":"false","InternalName":"EspectaculoFecha","InputPicture":"99/99/99","Type":"xs:string"},{"Name":"PaisId","Caption":"Pais Id","default":"0","IsKey":"false","ReadOnly":"true","AttributeType":"int","Description":"Pais Id","Length":"4","Decimals":"0","Signed":"false","AllowDBNulls":"true","Domain":"Id","InternalName":"PaisId","InputPicture":"ZZZ9","Type":"xs:int"},{"Name":"PaisName","Caption":"Pais Name","default":"","IsKey":"false","ReadOnly":"true","AttributeType":"svchar","Description":"Pais Name","Length":"40","Decimals":"0","Signed":"false","AllowDBNulls":"true","Domain":"Name","InternalName":"PaisName","InputPicture":"","Type":"xs:string"},{"Name":"LugarId","Caption":"Lugar Id","default":"0","IsKey":"false","ReadOnly":"false","AttributeType":"int","Description":"Lugar Id","Length":"4","Decimals":"0","Signed":"false","AllowDBNulls":"false","Domain":"Id","InternalName":"LugarId","InputPicture":"ZZZ9","Type":"xs:int"},{"Name":"LugarName","Caption":"Lugar Name","default":"","IsKey":"false","ReadOnly":"true","AttributeType":"svchar","Description":"Lugar Name","Length":"40","Decimals":"0","Signed":"false","AllowDBNulls":"true","Domain":"Name","InternalName":"LugarName","InputPicture":"","Type":"xs:string"},{"Name":"TipoEspectaculoId","Caption":"Tipo Espectaculo Id","default":"0","IsKey":"false","ReadOnly":"false","AttributeType":"int","Description":"Tipo Espectaculo Id","Length":"4","Decimals":"0","Signed":"false","AllowDBNulls":"false","Domain":"Id","InternalName":"TipoEspectaculoId","InputPicture":"ZZZ9","Type":"xs:int"},{"Name":"TipoEspectaculoName","Caption":"Tipo Espectaculo Name","default":"","IsKey":"false","ReadOnly":"true","AttributeType":"svchar","Description":"Tipo Espectaculo Name","Length":"40","Decimals":"0","Signed":"false","AllowDBNulls":"true","Domain":"Name","InternalName":"TipoEspectaculoName","InputPicture":"","Type":"xs:string"},{"Name":"EspectaculoImagen","Caption":"Espectaculo Imagen","default":"","IsKey":"false","ReadOnly":"false","AttributeType":"bits","Description":"Espectaculo Imagen","Length":"4","Decimals":"0","Signed":"false","AllowDBNulls":"false","InternalName":"EspectaculoImagen","InputPicture":"","Type":"xs:string"}]},{"Name":"Espectaculolugarsector","ParentLevel":"Espectaculo","LevelName":"LugarSector","Description":"Lugar Sector","Attributes":[{"Name":"EspectaculoId","Caption":"Espectaculo Id","default":"0","IsKey":"true","ReadOnly":"true","AttributeType":"int","Description":"Espectaculo Id","Length":"4","Decimals":"0","Signed":"false","AllowDBNulls":"false","Domain":"Id","InternalName":"EspectaculoId","InputPicture":"ZZZ9","Type":"xs:int"},{"Name":"LugarSectorId","Caption":"Lugar Sector Id","default":"0","IsKey":"true","ReadOnly":"false","AttributeType":"int","Description":"Lugar Sector Id","Length":"4","Decimals":"0","Signed":"false","AllowDBNulls":"false","Domain":"Id","InternalName":"LugarSectorId","InputPicture":"ZZZ9","Type":"xs:int"},{"Name":"LugarSectorName","Caption":"Lugar Sector Name","default":"","IsKey":"false","ReadOnly":"true","AttributeType":"svchar","Description":"Lugar Sector Name","Length":"40","Decimals":"0","Signed":"false","AllowDBNulls":"true","Domain":"Name","InternalName":"LugarSectorName","InputPicture":"","Type":"xs:string"},{"Name":"LugarSectorCantidad","Caption":"Lugar Sector Cantidad","default":"0","IsKey":"false","ReadOnly":"true","AttributeType":"int","Description":"Lugar Sector Cantidad","Length":"4","Decimals":"0","Signed":"false","AllowDBNulls":"true","InternalName":"LugarSectorCantidad","InputPicture":"ZZZ9","Type":"xs:int"},{"Name":"LugarSectorEstadoSector","Caption":"Lugar Sector Estado Sector","default":"","IsKey":"false","ReadOnly":"false","AttributeType":"boolean","Description":"Lugar Sector Estado Sector","Length":"4","Decimals":"0","Signed":"false","AllowDBNulls":"false","InternalName":"LugarSectorEstadoSector","DescriptionAtt":"true","InputPicture":"","Type":"xs:string"},{"Name":"LugarSectorPrecio","Caption":"Lugar Sector Precio","default":"0","IsKey":"false","ReadOnly":"true","AttributeType":"int","Description":"Lugar Sector Precio","Length":"4","Decimals":"0","Signed":"false","AllowDBNulls":"true","InternalName":"LugarSectorPrecio","InputPicture":"ZZZ9","Type":"xs:int"},{"Name":"LugarSectorVendidas","Caption":"Lugar Sector Vendidas","default":"0","IsKey":"false","ReadOnly":"true","AttributeType":"int","Description":"Lugar Sector Vendidas","Length":"4","Decimals":"0","Signed":"false","AllowDBNulls":"true","InternalName":"LugarSectorVendidas","InputPicture":"ZZZ9","Type":"xs:int"},{"Name":"LugarSectorDisponibles","Caption":"Lugar Sector Disponibles","default":"0","IsKey":"false","ReadOnly":"true","AttributeType":"int","Description":"Lugar Sector Disponibles","Length":"4","Decimals":"0","Signed":"false","AllowDBNulls":"true","InternalName":"LugarSectorDisponibles","InputPicture":"ZZZ9","Type":"xs:int"}]},{"Name":"Espectaculofuncion","ParentLevel":"Espectaculo","LevelName":"EspectaculoFuncion","Description":"Espectaculo Funcion","Attributes":[{"Name":"EspectaculoId","Caption":"Espectaculo Id","default":"0","IsKey":"true","ReadOnly":"true","AttributeType":"int","Description":"Espectaculo Id","Length":"4","Decimals":"0","Signed":"false","AllowDBNulls":"false","Domain":"Id","InternalName":"EspectaculoId","InputPicture":"ZZZ9","Type":"xs:int"},{"Name":"EspectaculoFuncionId","Caption":"Espectaculo Funcion Id","default":"0","IsKey":"true","ReadOnly":"false","AttributeType":"int","Description":"Espectaculo Funcion Id","Length":"4","Decimals":"0","Signed":"false","AllowDBNulls":"false","Domain":"Id","InternalName":"EspectaculoFuncionId","InputPicture":"ZZZ9","Type":"xs:int"},{"Name":"EspectaculoFuncionName","Caption":"Espectaculo Funcion Name","default":"","IsKey":"false","ReadOnly":"false","AttributeType":"svchar","Description":"Espectaculo Funcion Name","Length":"40","Decimals":"0","Signed":"false","AllowDBNulls":"false","Domain":"Name","InternalName":"EspectaculoFuncionName","DescriptionAtt":"true","InputPicture":"","Type":"xs:string"},{"Name":"EspectaculoFuncionPrecio","Caption":"Espectaculo Funcion Precio","default":"0","IsKey":"false","ReadOnly":"false","AttributeType":"int","Description":"Espectaculo Funcion Precio","Length":"4","Decimals":"0","Signed":"false","AllowDBNulls":"false","InternalName":"EspectaculoFuncionPrecio","InputPicture":"ZZZ9","Type":"xs:int"}]}]},"Relations":{"ManyToOne":{"references":[{"Name":"PaisPaisId","BusinessComponent":"Pais","LevelName":"Espectaculo","Description":"Pais","ForeignKey":{"KeyAttributes":[{"Name":"PaisId","Type":"int"}]},"InferredAttributes":{"Attributes":[{"Name":"PaisName","Type":"svchar"}]}},{"Name":"TipoEspectaculoTipoEspectaculoId","BusinessComponent":"TipoEspectaculo","LevelName":"Espectaculo","Description":"Tipo Espectaculo","ForeignKey":{"KeyAttributes":[{"Name":"TipoEspectaculoId","Type":"int"}]},"InferredAttributes":{"Attributes":[{"Name":"TipoEspectaculoName","Type":"svchar"}]}},{"Name":"LugarLugarId","BusinessComponent":"Lugar","LevelName":"Espectaculo","Description":"Lugar","ForeignKey":{"KeyAttributes":[{"Name":"LugarId","Type":"int"}]},"InferredAttributes":{"Attributes":[{"Name":"LugarName","Type":"svchar"},{"Name":"PaisId","Type":"int"},{"Name":"PaisName","Type":"svchar"}]}}]}}}
}
